{
  "hud_color": -2147483648,
  "button_color": -1610612736,
  "button_active_color": -1608507360,
  "favorite_color": -256,
  "button_text_color": -6250336,
  "button_text_hover_color": -1,
  "hide_font_button": false,
  "hide_settings_button": false,
  "hide_table_button": false,
  "symbol_panel_height": 200,
  "max_symbol_suggestions": 5,
  "symbol_tooltip_mode": "DELAYED",
  "hud_position": "RIGHT",
  "keep_panel_open": false,
  "chat_suggestion_regex": "^(/(msg|tell|w|say|me|teammsg|tm) |[^/]).*",
  "custom_symbols": "",
  "custom_kaomojis": []
}