{
	"enabled": true,
	"distance": 4.0,
	"randomPlacement": 1.0,
	"fuzziness": 1.0,
	"shuffle": false,
	"yRange": 64.0,
	"yOffset": 0.0,
	"sparsity": 0.0,
	"spacing": 5.25,
	"sizeXZ": 16.0,
	"sizeY": 8.0,
	"travelSpeed": 0.03,
	"windEffectFactor": 1.0,
	"windSpeedFactor": 1.0,
	"colorVariationFactor": 1.0,
	"celestialBodyHalo": true,
	"chunkSize": 32,
	"samplingScale": 1.0,
	"scaleFalloffMin": 0.25,
	"fadeEdge": 0.15,
	"usePersistentBuffers": true,
	"useFrustumCulling": true,
	"irisSupport": true,
	"cloudOverride": true,
	"useIrisFBO": true,
	"selectedPreset": 0,
	"presets": [],
	"lastTelemetryVersion": 0,
	"gpuIncompatibleMessageEnabled": true,
	"enabledDimensions": [
		"minecraft:overworld"
	]
}